,test,pred
0,0,1
1,0,1
2,0,1
3,0,2
4,0,2
5,0,0
6,0,1
7,0,1
8,0,1
9,0,3
10,0,1
11,0,2
12,0,1
13,0,1
14,0,3
15,0,1
16,0,1
17,0,1
18,0,1
19,0,1
20,0,2
21,0,2
22,0,1
23,0,3
24,0,3
25,0,3
26,0,2
27,0,3
28,0,3
29,0,3
30,0,1
31,0,0
32,0,1
33,0,2
34,0,2
35,0,3
36,0,3
37,0,1
38,0,1
39,0,3
40,0,3
41,0,2
42,0,2
43,0,0
44,0,3
45,0,1
46,0,1
47,0,1
48,0,1
49,0,1
50,0,3
51,0,1
52,0,1
53,0,3
54,0,1
55,0,2
56,0,1
57,0,3
58,0,1
59,0,1
60,0,1
61,0,3
62,0,3
63,0,1
64,0,1
65,0,3
66,0,1
67,0,2
68,0,0
69,0,3
70,0,2
71,0,1
72,0,1
73,0,3
74,0,0
75,0,1
76,0,3
77,0,3
78,0,1
79,0,2
80,0,3
81,0,1
82,0,1
83,0,2
84,0,1
85,0,1
86,0,1
87,0,1
88,0,1
89,0,2
90,0,0
91,0,1
92,0,1
93,0,1
94,0,2
95,0,1
96,0,2
97,0,3
98,0,2
99,0,1
100,0,1
101,0,2
102,0,3
103,0,1
104,0,2
105,0,1
106,0,1
107,0,1
108,0,1
109,0,2
110,0,2
111,0,3
112,0,2
113,0,1
114,0,1
115,0,1
116,0,2
117,0,3
118,0,1
119,0,0
120,0,2
121,0,0
122,0,1
123,0,3
124,0,3
125,0,1
126,0,3
127,0,3
128,0,3
129,0,3
130,0,2
131,0,0
132,0,1
133,0,1
134,0,1
135,0,1
136,0,2
137,0,1
138,0,2
139,0,3
140,0,1
141,0,1
142,0,0
143,0,3
144,0,1
145,0,1
146,0,1
147,0,2
148,0,0
149,0,2
150,0,3
151,0,2
152,0,1
153,0,3
154,0,3
155,0,1
156,0,3
157,0,1
158,0,3
159,0,0
160,0,2
161,0,3
162,0,1
163,0,3
164,0,1
165,0,2
166,0,3
167,0,2
168,0,1
169,0,1
170,0,1
171,0,3
172,0,2
173,0,3
174,0,0
175,0,1
176,0,1
177,0,2
178,0,0
179,0,2
180,0,2
181,0,0
182,0,2
183,0,3
184,0,2
185,0,0
186,0,1
187,0,1
188,0,0
189,0,3
190,0,0
191,0,3
192,0,3
193,0,1
194,0,1
195,0,1
196,0,3
197,0,0
198,0,3
199,0,3
200,0,1
201,0,2
202,0,3
203,0,3
204,0,0
205,0,3
206,0,3
207,0,1
208,0,3
209,0,1
210,0,3
211,0,1
212,0,3
213,0,1
214,0,3
215,0,2
216,0,3
217,0,2
218,0,1
219,0,1
220,0,2
221,0,1
222,0,3
223,0,3
224,0,1
225,0,3
226,0,3
227,0,1
228,0,1
229,0,2
230,0,2
231,0,3
232,0,3
233,0,1
234,0,0
235,0,1
236,0,1
237,0,0
238,0,2
239,0,1
240,0,1
241,0,3
242,0,3
243,0,3
244,0,0
245,0,2
246,0,3
247,0,2
248,0,3
249,0,2
250,0,1
251,0,1
252,0,2
253,0,3
254,0,1
255,0,2
256,0,1
257,0,3
258,0,2
259,0,3
260,0,1
261,0,1
262,0,3
263,0,3
264,0,1
265,0,2
266,0,0
267,0,1
268,0,1
269,0,1
270,0,3
271,0,2
272,0,3
273,0,0
274,0,1
275,0,3
276,0,2
277,0,1
278,0,3
279,0,0
280,0,2
281,0,3
282,0,1
283,0,2
284,0,2
285,0,1
286,0,2
287,0,3
288,0,1
289,0,2
290,0,3
291,0,3
292,0,3
293,0,0
294,0,1
295,0,2
296,0,1
297,0,1
298,0,3
299,0,3
300,0,1
301,0,1
302,0,3
303,0,1
304,0,1
305,0,1
306,0,2
307,0,0
308,0,3
309,0,2
310,0,1
311,0,1
312,0,2
313,0,2
314,0,3
315,0,2
316,0,0
317,0,2
318,0,1
319,0,1
320,0,2
321,0,1
322,0,0
323,0,2
324,0,3
325,0,3
326,0,1
327,0,3
328,0,3
329,0,1
330,0,1
331,0,1
332,0,1
333,0,1
334,0,3
335,0,1
336,0,1
337,0,1
338,0,1
339,0,3
340,0,2
341,0,2
342,0,1
343,0,3
344,0,2
345,0,0
346,0,3
347,0,1
348,0,1
349,0,0
350,0,2
351,0,1
352,0,2
353,0,1
354,0,3
355,0,1
356,0,1
357,0,3
358,0,2
359,0,1
360,0,2
361,0,1
362,0,2
363,0,1
364,0,3
365,0,3
366,0,1
367,0,3
368,0,3
369,0,2
370,0,3
371,0,3
372,0,3
373,0,2
374,0,3
375,0,1
376,0,2
377,0,1
378,0,1
379,0,1
380,0,1
381,0,1
382,0,3
383,0,0
384,0,3
385,0,1
386,0,3
387,0,3
388,0,1
389,0,0
390,0,1
391,0,3
392,0,0
393,0,1
394,0,3
395,0,3
396,0,3
397,0,1
398,0,1
399,0,2
400,0,1
401,0,1
402,0,3
403,0,1
404,0,1
405,0,0
406,0,1
407,0,1
408,0,0
409,0,0
410,0,1
411,0,2
412,0,1
413,0,1
414,0,1
415,0,1
416,0,1
417,0,2
418,0,1
419,0,2
420,0,1
421,0,1
422,0,1
423,0,3
424,0,3
425,0,1
426,0,2
427,0,2
428,0,2
429,0,3
430,0,3
431,0,2
432,0,3
433,0,1
434,0,2
435,0,0
436,0,1
437,0,3
438,0,1
439,0,3
440,0,2
441,0,1
442,0,0
443,0,1
444,0,3
445,0,1
446,0,2
447,0,1
448,0,2
449,0,1
450,0,0
451,0,3
452,0,2
453,0,2
454,0,3
455,0,3
456,0,1
457,0,1
458,0,2
459,0,3
460,0,1
461,0,3
462,0,0
463,0,0
464,0,3
465,0,2
466,0,0
467,0,1
468,0,0
469,0,2
470,0,2
471,0,2
472,0,3
473,0,3
474,0,2
475,0,3
476,0,2
477,0,0
478,0,3
479,0,1
480,0,3
481,0,3
482,0,1
483,0,3
484,0,2
485,0,0
486,0,2
487,0,1
488,0,1
489,0,1
490,0,1
491,0,2
492,0,3
493,0,3
494,0,2
495,0,2
496,0,1
497,0,3
498,0,3
499,0,2
500,0,2
501,0,3
502,0,3
503,0,0
504,0,2
505,0,1
506,0,3
507,0,2
508,0,2
509,0,2
510,0,2
511,0,3
512,0,1
513,0,2
514,0,1
515,0,2
516,0,2
517,0,3
518,0,2
519,0,3
520,0,3
521,0,3
522,0,3
523,0,0
524,0,3
525,0,1
526,0,3
527,0,1
528,0,1
529,0,3
530,0,2
531,0,3
532,0,3
533,0,3
534,0,1
535,0,1
536,0,0
537,0,1
538,0,1
539,0,3
540,0,3
541,0,1
542,0,3
543,0,2
544,0,1
545,0,0
546,0,1
547,0,0
548,0,3
549,0,0
550,0,2
551,0,3
552,0,1
553,0,1
554,0,2
555,0,1
556,0,2
557,0,3
558,0,0
559,0,2
560,0,2
561,0,2
562,0,2
563,0,3
564,0,1
565,0,1
566,0,2
567,0,2
568,0,2
569,0,3
570,0,2
571,0,2
572,0,3
573,0,3
574,0,1
575,0,2
576,0,3
577,0,2
578,0,1
579,0,1
580,0,1
581,0,0
582,0,3
583,0,1
584,0,1
585,0,3
586,0,3
587,0,1
588,0,1
589,0,0
590,0,1
591,0,3
592,0,1
593,0,1
594,0,1
595,0,3
596,0,1
597,0,1
598,0,2
599,0,0
600,0,1
601,0,2
602,0,1
603,0,3
604,0,2
605,0,3
606,0,0
607,0,0
608,0,1
609,0,1
610,0,3
611,0,3
612,0,1
613,0,0
614,0,1
615,0,0
616,0,2
617,0,1
618,0,3
619,0,1
620,0,1
621,0,3
622,0,2
623,0,1
624,0,2
625,0,1
626,0,1
627,0,0
628,0,1
629,0,2
630,0,1
631,0,1
632,0,0
633,0,1
634,0,2
635,0,3
636,0,1
637,0,3
638,0,1
639,0,1
640,0,1
641,0,1
642,0,0
643,0,1
644,0,3
645,0,0
646,0,3
647,0,0
648,0,1
649,0,2
650,0,1
651,0,2
652,0,0
653,0,3
654,0,1
655,0,2
656,0,1
657,0,3
658,0,1
659,0,3
660,0,3
661,0,1
662,0,1
663,0,3
664,0,1
665,0,1
666,0,1
667,0,1
668,0,2
669,0,3
670,0,2
671,0,1
672,0,0
673,0,2
674,0,1
675,0,0
676,0,1
677,0,0
678,0,2
679,0,1
680,0,3
681,0,2
682,0,1
683,0,1
684,0,1
685,0,3
686,0,2
687,0,1
688,0,1
689,0,3
690,0,2
691,0,1
692,0,3
693,0,1
694,0,1
695,0,1
696,0,2
697,0,1
698,0,1
699,0,0
700,0,1
701,0,3
702,0,3
703,0,1
704,0,3
705,0,2
706,0,1
707,0,3
708,0,3
709,0,1
710,0,2
711,0,1
712,0,2
713,0,3
714,0,1
715,0,1
716,0,3
717,0,3
718,0,3
719,0,1
720,0,2
721,0,1
722,0,3
723,0,3
724,0,1
725,0,3
726,0,1
727,0,1
728,0,3
729,0,1
730,0,3
731,0,3
732,0,3
733,0,3
734,0,3
735,0,2
736,0,1
737,0,2
738,0,3
739,0,0
740,0,2
741,0,3
742,0,1
743,0,2
744,0,3
745,0,1
746,0,2
747,0,3
748,0,2
749,0,1
750,0,1
751,0,3
752,0,3
753,0,1
754,0,0
755,0,3
756,0,3
757,0,3
758,0,1
759,0,3
760,0,1
761,0,2
762,0,2
763,0,1
764,0,3
765,0,1
766,0,1
767,0,1
768,0,1
769,0,2
770,0,1
771,0,0
772,0,1
773,0,2
774,0,1
775,0,3
776,0,2
777,0,2
778,0,3
779,0,1
780,0,0
781,0,3
782,0,1
783,0,1
784,0,0
785,0,3
786,0,2
787,0,3
788,0,1
789,0,1
790,0,1
791,0,3
792,0,1
793,0,1
794,0,3
795,0,2
796,0,2
797,0,0
798,0,2
799,0,3
800,0,2
801,0,3
802,0,0
803,0,0
804,0,1
805,0,0
806,0,1
807,0,3
808,0,3
809,0,1
810,0,1
811,0,3
812,0,3
813,0,1
814,0,2
815,0,3
816,0,2
817,0,1
818,0,2
819,0,3
820,0,1
821,0,2
822,0,2
823,0,1
824,0,2
825,0,1
826,0,0
827,0,0
828,0,2
829,0,1
830,0,2
831,0,2
832,0,2
833,0,1
834,0,2
835,0,3
836,0,3
837,0,1
838,0,3
839,0,3
840,0,3
841,0,1
842,0,3
843,0,0
844,0,3
845,0,1
846,0,2
847,0,3
848,0,2
849,0,1
850,0,0
851,0,2
852,0,0
853,0,0
854,0,1
855,0,1
856,0,2
857,0,3
858,0,3
859,0,3
860,0,3
861,0,2
862,0,3
863,0,3
864,0,2
865,0,0
866,0,0
867,0,1
868,0,2
869,0,1
870,0,1
871,0,3
872,0,0
873,0,3
874,0,2
875,0,2
876,0,1
877,0,1
878,0,1
879,0,0
880,0,1
881,0,2
882,0,1
883,0,1
884,0,1
885,0,2
886,0,2
887,0,1
888,0,3
889,0,3
890,0,0
891,0,3
892,0,3
893,0,1
894,0,2
895,0,1
896,0,2
897,0,2
898,0,0
899,0,1
900,0,3
901,0,2
902,0,1
903,0,2
904,0,3
905,0,3
906,0,1
907,0,2
908,0,2
909,0,1
910,0,1
911,0,0
912,0,1
913,0,2
914,0,2
915,0,2
916,0,3
917,0,1
918,0,3
919,0,0
920,0,1
921,0,1
922,0,3
923,0,0
924,0,1
925,0,2
926,0,0
927,0,1
928,0,1
929,0,2
930,0,1
931,0,1
932,0,1
933,0,0
934,0,1
935,0,3
936,0,3
937,0,1
938,0,1
939,0,3
940,0,3
941,0,2
942,0,1
943,0,1
944,0,3
945,0,2
946,0,2
947,0,3
948,0,3
949,0,1
950,0,1
951,0,1
952,0,0
953,0,1
954,0,1
955,0,2
956,0,3
957,0,1
958,1,1
959,1,0
960,1,0
961,1,1
962,1,1
963,1,2
964,1,2
965,1,2
966,1,3
967,1,1
968,1,1
969,1,1
970,1,3
971,1,1
972,1,3
973,1,3
974,1,3
975,1,3
976,1,3
977,1,2
978,1,1
979,1,0
980,1,0
981,1,1
982,1,3
983,1,2
984,1,3
985,1,1
986,1,0
987,1,1
988,1,2
989,1,1
990,1,3
991,1,1
992,1,0
993,1,0
994,1,3
995,1,1
996,1,2
997,1,0
998,1,3
999,1,3
1000,1,3
1001,1,1
1002,1,1
1003,1,1
1004,1,2
1005,1,0
1006,1,1
1007,1,0
1008,1,3
1009,1,3
1010,1,3
1011,1,1
1012,1,1
1013,1,0
1014,1,0
1015,1,2
1016,1,1
1017,1,1
1018,1,3
1019,1,3
1020,1,2
1021,1,1
1022,1,3
1023,1,1
1024,1,1
1025,1,1
1026,1,1
1027,1,3
1028,1,2
1029,1,1
1030,1,2
1031,1,3
1032,1,2
1033,1,0
1034,1,2
1035,1,1
1036,1,0
1037,1,1
1038,1,1
1039,1,3
1040,1,2
1041,1,1
1042,1,3
1043,1,3
1044,1,3
1045,1,1
1046,1,0
1047,1,1
1048,1,3
1049,1,3
1050,1,2
1051,1,2
1052,1,3
1053,1,2
1054,1,2
1055,1,1
1056,1,3
1057,1,2
1058,1,1
1059,1,1
1060,1,3
1061,1,1
1062,1,1
1063,1,2
1064,1,0
1065,1,3
1066,1,0
1067,1,3
1068,1,3
1069,1,3
1070,1,0
1071,1,2
1072,1,1
1073,1,1
1074,1,1
1075,1,2
1076,1,3
1077,1,3
1078,1,2
1079,1,3
1080,1,2
1081,1,1
1082,1,0
1083,1,3
1084,1,1
1085,1,2
1086,1,2
1087,1,3
1088,1,1
1089,1,2
1090,1,1
1091,1,1
1092,1,1
1093,1,3
1094,1,0
1095,1,2
1096,1,1
1097,1,3
1098,1,0
1099,1,1
1100,1,3
1101,1,1
1102,1,0
1103,1,3
1104,1,1
1105,1,2
1106,1,2
1107,1,2
1108,1,3
1109,1,2
1110,1,3
1111,1,1
1112,1,1
1113,1,1
1114,1,3
1115,1,3
1116,1,1
1117,1,2
1118,1,3
1119,1,1
1120,1,2
1121,1,3
1122,1,1
1123,1,1
1124,1,2
1125,1,1
1126,1,1
1127,1,2
1128,1,3
1129,1,3
1130,1,2
1131,1,1
1132,1,3
1133,1,2
1134,1,1
1135,1,2
1136,1,2
1137,1,3
1138,1,3
1139,1,1
1140,1,3
1141,1,0
1142,1,0
1143,1,3
1144,1,1
1145,1,1
1146,1,3
1147,1,3
1148,1,3
1149,1,1
1150,1,0
1151,1,3
1152,1,0
1153,1,0
1154,1,2
1155,1,0
1156,1,1
1157,1,0
1158,1,3
1159,1,2
1160,1,3
1161,1,0
1162,1,2
1163,1,1
1164,1,2
1165,1,1
1166,1,1
1167,1,1
1168,1,2
1169,1,3
1170,1,2
1171,1,3
1172,1,1
1173,1,3
1174,1,1
1175,1,0
1176,1,3
1177,1,0
1178,1,1
1179,1,3
1180,1,2
1181,1,2
1182,1,1
1183,1,1
1184,1,0
1185,1,3
1186,1,2
1187,1,1
1188,1,3
1189,1,3
1190,1,0
1191,1,2
1192,1,2
1193,1,2
1194,1,1
1195,1,3
1196,1,1
1197,1,2
1198,1,3
1199,1,1
1200,1,2
1201,1,2
1202,1,3
1203,1,3
1204,1,0
1205,1,3
1206,1,1
1207,1,0
1208,1,1
1209,1,3
1210,1,1
1211,1,1
1212,1,2
1213,1,2
1214,1,0
1215,1,2
1216,1,3
1217,1,1
1218,1,1
1219,1,2
1220,1,1
1221,1,1
1222,1,1
1223,1,3
1224,1,1
1225,1,1
1226,1,1
1227,1,0
1228,1,1
1229,1,2
1230,1,2
1231,1,2
1232,1,2
1233,1,3
1234,1,0
1235,1,3
1236,1,1
1237,1,3
1238,1,1
1239,1,3
1240,1,1
1241,1,0
1242,1,1
1243,1,0
1244,1,3
1245,1,2
1246,1,3
1247,1,1
1248,1,2
1249,1,1
1250,1,2
1251,1,1
1252,1,3
1253,1,1
1254,1,1
1255,1,2
1256,1,2
1257,1,1
1258,1,3
1259,1,0
1260,1,2
1261,1,3
1262,1,1
1263,1,2
1264,1,1
1265,1,2
1266,1,3
1267,1,1
1268,1,0
1269,1,2
1270,1,3
1271,1,1
1272,1,3
1273,1,3
1274,1,2
1275,1,1
1276,1,2
1277,1,2
1278,1,0
1279,1,1
1280,1,1
1281,1,3
1282,1,2
1283,1,1
1284,1,0
1285,1,1
1286,1,3
1287,1,3
1288,1,3
1289,1,1
1290,1,2
1291,1,0
1292,1,1
1293,1,0
1294,1,2
1295,1,3
1296,1,0
1297,1,2
1298,1,3
1299,1,3
1300,1,2
1301,1,1
1302,1,1
1303,1,2
1304,1,2
1305,1,1
1306,1,2
1307,1,1
1308,1,2
1309,1,1
1310,1,3
1311,1,3
1312,1,0
1313,1,1
1314,1,0
1315,1,3
1316,1,1
1317,1,1
1318,1,3
1319,1,2
1320,1,3
1321,1,2
1322,1,1
1323,1,1
1324,1,2
1325,1,3
1326,1,2
1327,1,1
1328,1,0
1329,1,2
1330,1,0
1331,1,3
1332,1,3
1333,1,1
1334,1,0
1335,1,1
1336,1,3
1337,1,3
1338,1,3
1339,1,3
1340,1,1
1341,1,2
1342,1,3
1343,1,3
1344,1,1
1345,1,2
1346,1,0
1347,1,2
1348,1,3
1349,1,3
1350,1,1
1351,1,2
1352,1,3
1353,1,3
1354,1,1
1355,1,1
1356,1,1
1357,1,3
1358,1,1
1359,1,1
1360,1,3
1361,1,2
1362,1,3
1363,1,1
1364,1,2
1365,1,3
1366,1,1
1367,1,3
1368,1,1
1369,1,3
1370,1,3
1371,1,3
1372,1,0
1373,1,3
1374,1,3
1375,1,3
1376,1,1
1377,1,1
1378,1,1
1379,1,2
1380,1,1
1381,1,1
1382,1,2
1383,1,2
1384,1,1
1385,1,2
1386,1,3
1387,1,3
1388,1,1
1389,1,1
1390,1,1
1391,1,3
1392,1,2
1393,1,2
1394,1,3
1395,1,1
1396,1,3
1397,1,2
1398,1,1
1399,1,3
1400,1,0
1401,1,3
1402,1,3
1403,1,3
1404,1,1
1405,1,1
1406,1,3
1407,1,1
1408,1,1
1409,1,3
1410,1,2
1411,1,3
1412,1,1
1413,1,1
1414,1,1
1415,1,1
1416,1,2
1417,1,1
1418,1,1
1419,1,3
1420,1,0
1421,1,1
1422,1,3
1423,1,1
1424,1,3
1425,1,0
1426,1,3
1427,1,2
1428,1,2
1429,1,1
1430,1,3
1431,1,1
1432,1,1
1433,1,2
1434,1,0
1435,1,2
1436,1,0
1437,1,0
1438,1,3
1439,1,3
1440,1,3
1441,1,1
1442,1,2
1443,1,3
1444,1,1
1445,1,1
1446,1,3
1447,1,1
1448,1,0
1449,1,2
1450,1,3
1451,1,1
1452,1,1
1453,1,3
1454,1,2
1455,1,1
1456,1,1
1457,1,1
1458,1,2
1459,1,0
1460,1,2
1461,1,0
1462,1,0
1463,1,0
1464,1,1
1465,1,3
1466,1,3
1467,1,2
1468,1,0
1469,1,1
1470,1,2
1471,1,1
1472,1,3
1473,1,3
1474,1,0
1475,1,1
1476,1,0
1477,1,2
1478,1,0
1479,1,1
1480,1,3
1481,1,2
1482,1,0
1483,1,1
1484,1,3
1485,1,3
1486,1,0
1487,1,0
1488,1,1
1489,1,3
1490,1,1
1491,1,3
1492,1,1
1493,1,2
1494,1,3
1495,1,1
1496,1,1
1497,1,1
1498,1,1
1499,1,3
1500,1,3
1501,1,2
1502,1,1
1503,1,0
1504,1,1
1505,1,1
1506,1,1
1507,1,2
1508,1,1
1509,1,1
1510,1,1
1511,1,3
1512,1,3
1513,1,3
1514,1,3
1515,1,3
1516,1,0
1517,1,0
1518,1,1
1519,1,0
1520,1,2
1521,1,3
1522,1,2
1523,1,2
1524,1,1
1525,1,1
1526,1,3
1527,1,2
1528,1,0
1529,1,1
1530,1,1
1531,1,1
1532,1,0
1533,1,1
1534,1,3
1535,1,1
1536,1,2
1537,1,3
1538,1,1
1539,1,0
1540,1,3
1541,1,2
1542,1,3
1543,1,0
1544,1,2
1545,1,2
1546,1,3
1547,1,2
1548,1,1
1549,1,3
1550,1,1
1551,1,3
1552,1,2
1553,1,2
1554,1,1
1555,1,3
1556,1,1
1557,1,2
1558,1,3
1559,1,2
1560,1,3
1561,1,1
1562,1,1
1563,1,2
1564,1,2
1565,1,3
1566,1,2
1567,1,3
1568,1,1
1569,1,0
1570,1,1
1571,1,1
1572,1,2
1573,1,0
1574,1,3
1575,1,1
1576,1,1
1577,1,1
1578,1,1
1579,1,3
1580,1,2
1581,1,2
1582,1,2
1583,1,3
1584,1,1
1585,1,1
1586,1,2
1587,1,1
1588,1,1
1589,1,1
1590,1,3
1591,1,2
1592,1,2
1593,1,2
1594,1,3
1595,1,3
1596,1,1
1597,1,2
1598,1,1
1599,1,2
1600,1,1
1601,1,3
1602,1,0
1603,1,1
1604,1,2
1605,1,3
1606,1,2
1607,1,1
1608,1,2
1609,1,1
1610,1,1
1611,1,1
1612,1,1
1613,1,0
1614,1,3
1615,1,1
1616,1,1
1617,1,1
1618,1,1
1619,1,1
1620,1,1
1621,1,1
1622,1,2
1623,1,1
1624,1,1
1625,1,2
1626,1,0
1627,1,2
1628,1,1
1629,1,0
1630,1,2
1631,1,3
1632,1,2
1633,1,1
1634,1,3
1635,1,3
1636,1,2
1637,1,0
1638,1,1
1639,1,3
1640,1,2
1641,1,1
1642,1,3
1643,1,3
1644,1,1
1645,1,2
1646,1,3
1647,1,1
1648,1,3
1649,1,1
1650,1,3
1651,1,1
1652,1,3
1653,1,1
1654,1,3
1655,1,2
1656,1,1
1657,1,2
1658,1,2
1659,1,3
1660,1,3
1661,1,1
1662,1,1
1663,1,3
1664,1,1
1665,1,3
1666,1,1
1667,1,1
1668,1,2
1669,1,1
1670,1,1
1671,1,3
1672,1,3
1673,1,2
1674,1,0
1675,1,1
1676,1,2
1677,1,2
1678,1,2
1679,1,3
1680,1,1
1681,1,1
1682,1,1
1683,1,3
1684,1,0
1685,1,1
1686,1,1
1687,1,2
1688,1,3
1689,1,1
1690,1,3
1691,1,2
1692,1,2
1693,1,2
1694,1,3
1695,1,3
1696,1,1
1697,1,1
1698,1,0
1699,1,3
1700,1,2
1701,1,3
1702,1,1
1703,1,1
1704,1,3
1705,1,3
1706,1,1
1707,1,2
1708,1,2
1709,1,0
1710,1,1
1711,1,3
1712,1,2
1713,1,3
1714,1,1
1715,1,3
1716,1,3
1717,1,1
1718,1,3
1719,1,1
1720,1,3
1721,1,2
1722,1,0
1723,1,1
1724,1,3
1725,1,1
1726,1,2
1727,1,1
1728,1,3
1729,1,1
1730,1,0
1731,1,3
1732,1,3
1733,1,2
1734,1,1
1735,1,1
1736,1,0
1737,1,1
1738,1,1
1739,1,2
1740,1,1
1741,1,0
1742,1,2
1743,1,2
1744,1,3
1745,1,2
1746,1,2
1747,1,2
1748,1,0
1749,1,2
1750,1,0
1751,1,3
1752,1,3
1753,1,0
1754,1,1
1755,1,3
1756,1,2
1757,1,3
1758,1,3
1759,1,0
1760,1,0
1761,1,3
1762,1,3
1763,1,1
1764,1,3
1765,1,2
1766,1,2
1767,1,3
1768,1,1
1769,1,2
1770,1,2
1771,1,3
1772,1,3
1773,1,1
1774,1,1
1775,1,2
1776,1,2
1777,1,1
1778,1,2
1779,1,0
1780,1,1
1781,1,1
1782,1,2
1783,1,1
1784,1,3
1785,1,1
1786,1,1
1787,1,1
1788,1,2
1789,1,1
1790,1,1
1791,1,1
1792,1,2
1793,1,2
1794,1,3
1795,1,1
1796,1,1
1797,1,2
1798,1,3
1799,1,0
1800,1,3
1801,1,2
1802,1,1
1803,1,3
1804,1,3
1805,1,2
1806,1,2
1807,1,2
1808,1,2
1809,1,2
1810,1,1
1811,1,3
1812,1,3
1813,1,3
1814,1,3
1815,1,2
1816,1,3
1817,1,3
1818,1,2
1819,1,1
1820,1,0
1821,1,1
1822,1,1
1823,1,3
1824,1,1
1825,1,3
1826,1,0
1827,1,1
1828,1,2
1829,1,2
1830,1,1
1831,1,2
1832,1,3
1833,1,2
1834,1,3
1835,1,3
1836,1,2
1837,1,3
1838,1,1
1839,1,1
1840,1,1
1841,1,3
1842,1,2
1843,1,3
1844,1,1
1845,1,3
1846,1,2
1847,1,2
1848,1,1
1849,1,1
1850,1,1
1851,1,1
1852,1,1
1853,1,2
1854,1,3
1855,1,3
1856,1,1
1857,1,2
1858,1,1
1859,1,3
1860,1,1
1861,1,0
1862,1,1
1863,1,3
1864,1,1
1865,1,1
1866,1,3
1867,1,2
1868,1,2
1869,1,2
1870,1,1
1871,1,3
1872,1,3
1873,1,0
1874,1,0
1875,1,0
1876,1,1
1877,1,3
1878,1,1
1879,1,1
1880,1,3
1881,1,2
1882,1,2
1883,1,3
1884,1,3
1885,1,1
1886,1,3
1887,1,2
1888,1,0
1889,1,3
1890,1,2
1891,1,3
1892,1,0
1893,1,3
1894,1,1
1895,1,2
1896,1,2
1897,1,3
1898,1,1
1899,1,2
1900,1,1
1901,1,0
1902,1,1
1903,1,3
1904,1,3
1905,1,3
1906,1,1
1907,1,3
1908,1,0
1909,1,1
1910,1,1
1911,1,3
1912,1,1
1913,1,2
1914,1,2
1915,1,1
1916,1,1
1917,1,2
1918,1,3
1919,1,0
1920,1,0
1921,1,1
1922,1,1
1923,1,1
1924,1,2
1925,1,3
1926,1,2
1927,1,1
1928,1,2
1929,1,0
1930,1,0
1931,1,3
1932,1,1
1933,1,3
1934,1,2
1935,1,1
1936,1,1
1937,1,2
1938,1,0
1939,1,1
1940,1,1
1941,1,3
1942,1,1
1943,1,3
1944,1,1
1945,1,3
1946,1,1
1947,1,1
1948,1,1
1949,1,2
1950,1,3
1951,1,2
1952,1,0
1953,1,2
1954,1,1
1955,1,2
1956,1,1
1957,1,1
1958,1,2
1959,1,3
1960,1,1
1961,1,3
1962,1,0
1963,1,1
1964,1,1
1965,1,2
1966,1,2
1967,1,1
1968,1,3
1969,1,1
1970,1,3
1971,1,2
1972,1,1
1973,1,3
1974,1,1
1975,1,1
1976,1,2
1977,1,1
1978,1,1
1979,1,3
1980,1,1
1981,1,0
1982,1,0
1983,1,2
1984,1,1
1985,1,3
1986,1,1
1987,1,2
1988,1,1
1989,1,3
1990,1,1
1991,1,3
1992,1,1
1993,1,1
1994,1,0
1995,1,1
1996,1,3
1997,1,3
1998,1,2
1999,1,3
2000,1,1
2001,1,3
2002,1,1
2003,1,0
2004,1,1
2005,1,0
2006,1,1
2007,1,1
2008,1,1
2009,1,3
2010,1,0
2011,1,3
2012,1,1
2013,1,1
2014,1,2
2015,1,1
2016,1,3
2017,1,1
2018,1,3
2019,1,3
2020,1,3
2021,1,2
2022,1,2
2023,1,2
2024,1,1
2025,1,2
2026,1,1
2027,1,3
2028,1,3
2029,1,3
2030,1,1
2031,1,2
2032,1,3
2033,1,2
2034,1,2
2035,1,1
2036,1,3
2037,1,3
2038,1,1
2039,1,3
2040,1,1
2041,1,1
2042,1,3
2043,1,1
2044,1,2
2045,1,0
2046,1,1
2047,1,1
2048,1,3
2049,1,1
2050,1,0
2051,1,1
2052,1,1
2053,1,3
2054,1,2
2055,1,3
2056,1,0
2057,1,2
2058,1,1
2059,1,1
2060,1,3
2061,1,0
2062,1,3
2063,1,1
2064,1,3
2065,1,1
2066,1,2
2067,1,3
2068,1,3
2069,1,3
2070,1,2
2071,1,3
2072,1,0
2073,1,3
2074,1,1
2075,1,2
2076,1,0
2077,1,3
2078,1,3
2079,1,3
2080,1,1
2081,1,1
2082,1,0
2083,1,1
2084,1,3
2085,1,0
2086,1,1
2087,1,1
2088,1,0
2089,1,2
2090,1,2
2091,1,1
2092,1,2
2093,1,2
2094,1,0
2095,1,3
2096,1,1
2097,1,3
2098,1,1
2099,1,1
2100,1,1
2101,1,1
2102,1,2
2103,1,2
2104,1,1
2105,1,1
2106,1,1
2107,1,2
2108,1,2
2109,1,0
2110,1,1
2111,1,1
2112,1,2
2113,1,2
2114,1,2
2115,1,1
2116,1,2
2117,1,1
2118,1,3
2119,1,1
2120,1,1
2121,1,3
2122,1,3
2123,1,1
2124,1,1
2125,1,0
2126,1,0
2127,1,3
2128,1,3
2129,1,0
2130,1,2
2131,1,2
2132,1,3
2133,1,1
2134,1,3
2135,1,1
2136,1,1
2137,1,3
2138,1,2
2139,1,0
2140,1,3
2141,1,1
2142,1,1
2143,1,2
2144,1,2
2145,1,0
2146,1,3
2147,1,1
2148,1,2
2149,1,1
2150,1,1
2151,1,0
2152,1,0
2153,1,2
2154,1,3
2155,1,1
2156,1,2
2157,1,1
2158,1,1
2159,1,1
2160,1,0
2161,1,1
2162,1,3
2163,1,1
2164,1,2
2165,1,1
2166,1,1
2167,1,1
2168,1,0
2169,1,1
2170,1,0
2171,1,3
2172,1,1
2173,1,1
2174,1,3
2175,1,1
2176,1,3
2177,1,3
2178,1,3
2179,1,3
2180,1,2
2181,1,3
2182,1,1
2183,1,2
2184,1,2
2185,1,3
2186,1,2
2187,1,3
2188,1,1
2189,1,3
2190,1,0
2191,1,0
2192,1,1
2193,1,1
2194,1,3
2195,1,1
2196,1,2
2197,1,3
2198,1,3
2199,1,1
2200,1,1
2201,1,3
2202,1,2
2203,1,1
2204,1,1
2205,1,1
2206,1,3
2207,1,1
2208,1,3
2209,1,0
2210,1,2
2211,1,3
2212,1,1
2213,1,1
2214,1,2
2215,1,3
2216,1,0
2217,1,1
2218,1,2
2219,1,3
2220,1,1
2221,1,1
2222,1,2
2223,1,3
2224,1,1
2225,1,1
2226,1,0
2227,1,3
2228,1,1
2229,1,2
2230,1,2
2231,1,2
2232,1,3
2233,1,1
2234,1,1
2235,1,2
2236,1,3
2237,1,3
2238,1,1
2239,1,1
2240,1,1
2241,1,3
2242,1,1
2243,1,1
2244,1,0
2245,1,3
2246,1,1
2247,1,3
2248,1,3
2249,1,1
2250,1,2
2251,1,3
2252,1,3
2253,1,1
2254,1,3
2255,1,2
2256,1,1
2257,1,0
2258,1,3
2259,1,2
2260,1,1
2261,1,1
2262,1,1
2263,1,2
2264,1,1
2265,1,0
2266,1,3
2267,1,2
2268,1,3
2269,1,1
2270,1,1
2271,1,2
2272,1,2
2273,1,1
2274,1,3
2275,1,3
2276,1,0
2277,1,2
2278,1,1
2279,1,1
2280,1,3
2281,1,0
2282,1,3
2283,1,3
2284,1,3
2285,1,0
2286,1,1
2287,1,3
2288,1,1
2289,1,0
2290,1,2
2291,1,1
2292,1,3
2293,1,3
2294,1,1
2295,1,3
2296,1,3
2297,1,3
2298,1,2
2299,1,1
2300,1,0
2301,1,1
2302,1,3
2303,1,3
2304,1,0
2305,1,1
2306,1,3
2307,1,0
2308,1,2
2309,1,1
2310,1,1
2311,1,1
2312,1,3
2313,1,1
2314,1,3
2315,1,1
2316,1,1
2317,1,2
2318,1,0
2319,1,3
2320,1,1
2321,1,1
2322,1,3
2323,1,1
2324,1,1
2325,1,3
2326,1,1
2327,1,1
2328,1,3
2329,1,2
2330,1,3
2331,1,1
2332,1,3
2333,1,3
2334,1,2
2335,1,2
2336,1,2
2337,1,0
2338,1,0
2339,1,2
2340,1,3
2341,1,3
2342,1,3
2343,1,0
2344,1,1
2345,1,1
2346,1,3
2347,1,1
2348,1,3
2349,1,3
2350,1,1
2351,1,1
2352,1,1
2353,1,1
2354,1,1
2355,1,1
2356,1,0
2357,1,1
2358,1,1
2359,1,1
2360,1,3
2361,1,0
2362,1,1
2363,1,2
2364,1,0
2365,1,1
2366,1,2
2367,1,3
2368,1,3
2369,1,3
2370,1,1
2371,1,0
2372,1,2
2373,1,1
2374,1,0
2375,1,2
2376,1,1
2377,1,2
2378,1,2
2379,1,3
2380,1,3
2381,1,1
2382,1,1
2383,1,3
2384,1,2
2385,1,1
2386,1,3
2387,1,3
2388,1,1
2389,1,2
2390,1,1
2391,1,3
2392,1,2
2393,1,2
2394,1,2
2395,1,2
2396,1,1
2397,1,2
2398,1,3
2399,1,3
2400,1,0
2401,1,3
2402,1,3
2403,1,1
2404,1,3
2405,1,3
2406,1,3
2407,1,1
2408,1,0
2409,1,1
2410,1,1
2411,1,1
2412,1,1
2413,1,3
2414,1,3
2415,1,3
2416,1,3
2417,1,1
2418,1,1
2419,1,3
2420,1,1
2421,1,3
2422,1,1
2423,1,3
2424,1,2
2425,1,1
2426,1,2
2427,1,1
2428,1,1
2429,1,3
2430,1,1
2431,1,3
2432,1,2
2433,1,1
2434,1,3
2435,1,2
2436,1,0
2437,1,1
2438,1,2
2439,1,2
2440,1,1
2441,1,1
2442,1,2
2443,1,1
2444,1,0
2445,1,3
2446,1,1
2447,1,3
2448,1,1
2449,1,2
2450,1,1
2451,1,3
2452,1,3
2453,1,3
2454,1,2
2455,1,0
2456,1,3
2457,1,0
2458,1,3
2459,1,1
2460,1,1
2461,1,3
2462,1,1
2463,1,2
2464,1,1
2465,1,1
2466,1,2
2467,1,2
2468,1,1
2469,1,3
2470,1,2
2471,1,0
2472,1,1
2473,1,3
2474,1,1
2475,1,1
2476,1,1
2477,1,1
2478,1,1
2479,1,0
2480,1,1
2481,1,2
2482,1,3
2483,1,3
2484,1,1
2485,1,1
2486,1,0
2487,1,3
2488,1,0
2489,1,2
2490,1,1
2491,1,1
2492,1,2
2493,1,2
2494,1,2
2495,1,1
2496,1,3
2497,1,2
2498,1,1
2499,1,1
2500,1,0
2501,1,0
2502,1,3
2503,1,1
2504,1,0
2505,1,0
2506,1,2
2507,1,1
2508,1,2
2509,1,3
2510,1,1
2511,1,3
2512,1,2
2513,1,3
2514,1,2
2515,1,2
2516,1,1
2517,1,2
2518,1,1
2519,1,1
2520,1,1
2521,1,2
2522,1,1
2523,1,3
2524,1,1
2525,1,3
2526,1,0
2527,1,1
2528,1,3
2529,1,2
2530,1,1
2531,1,1
2532,1,2
2533,1,1
2534,1,3
2535,1,0
2536,1,2
2537,1,1
2538,1,1
2539,1,1
2540,1,3
2541,1,3
2542,1,1
2543,1,1
2544,1,3
2545,1,1
2546,1,2
2547,1,0
2548,1,3
2549,1,1
2550,1,1
2551,1,2
2552,1,0
2553,1,3
2554,1,0
2555,1,1
2556,1,0
2557,1,0
2558,1,1
2559,1,3
2560,1,0
2561,1,2
2562,1,3
2563,1,1
2564,1,3
2565,1,1
2566,1,1
2567,1,2
2568,1,1
2569,1,3
2570,1,3
2571,1,3
2572,1,3
2573,1,1
2574,1,2
2575,1,1
2576,1,3
2577,1,1
2578,1,2
2579,1,2
2580,1,3
2581,1,3
2582,1,1
2583,1,1
2584,1,2
2585,1,1
2586,1,2
2587,1,1
2588,1,3
2589,1,3
2590,1,1
2591,1,1
2592,1,3
2593,1,3
2594,1,3
2595,1,0
2596,1,1
2597,1,1
2598,1,1
2599,1,1
2600,1,1
2601,1,2
2602,1,1
2603,1,3
2604,1,1
2605,1,1
2606,1,2
2607,1,1
2608,1,0
2609,1,3
2610,1,3
2611,1,3
2612,1,2
2613,1,3
2614,1,2
2615,1,3
2616,1,3
2617,1,3
2618,1,1
2619,1,1
2620,1,3
2621,1,0
2622,1,3
2623,1,2
2624,1,1
2625,1,1
2626,1,0
2627,1,2
2628,1,0
2629,1,0
2630,1,3
2631,1,2
2632,1,1
2633,1,3
2634,1,2
2635,1,1
2636,1,1
2637,1,2
2638,1,3
2639,1,2
2640,1,2
2641,1,2
2642,1,3
2643,1,2
2644,1,1
2645,1,1
2646,1,0
2647,1,2
2648,1,3
2649,1,2
2650,1,3
2651,1,3
2652,1,2
2653,1,1
2654,1,3
2655,1,0
2656,1,1
2657,1,3
2658,1,2
2659,1,1
2660,1,1
2661,1,3
2662,1,3
2663,1,3
2664,1,0
2665,1,3
2666,1,3
2667,1,2
2668,1,2
2669,1,3
2670,1,3
2671,1,2
2672,1,1
2673,1,3
2674,1,3
2675,1,2
2676,1,1
2677,1,2
2678,1,3
2679,1,3
2680,1,3
2681,1,1
2682,1,2
2683,1,2
2684,1,2
2685,1,1
2686,1,1
2687,1,2
2688,1,2
2689,1,1
2690,1,3
2691,1,2
2692,1,1
2693,1,2
2694,1,3
2695,1,1
2696,1,2
2697,1,3
2698,1,3
2699,1,3
2700,1,1
2701,1,2
2702,1,1
2703,1,3
2704,1,1
2705,1,1
2706,1,2
2707,1,1
2708,1,0
2709,1,1
2710,1,2
2711,1,2
2712,1,1
2713,1,2
2714,1,1
2715,1,1
2716,1,2
2717,1,1
2718,1,2
2719,1,3
2720,1,1
2721,1,3
2722,1,3
2723,1,0
2724,1,1
2725,1,3
2726,1,3
2727,1,3
2728,1,2
2729,1,2
2730,1,0
2731,1,0
2732,2,0
2733,2,3
2734,2,1
2735,2,3
2736,2,0
2737,2,3
2738,2,1
2739,2,0
2740,2,0
2741,2,1
2742,2,3
2743,2,2
2744,2,1
2745,2,2
2746,2,2
2747,2,1
2748,2,0
2749,2,1
2750,2,3
2751,2,2
2752,2,3
2753,2,1
2754,2,2
2755,2,3
2756,2,3
2757,2,1
2758,2,1
2759,2,1
2760,2,1
2761,2,3
2762,2,3
2763,2,2
2764,2,3
2765,2,2
2766,2,2
2767,2,1
2768,2,2
2769,2,0
2770,2,2
2771,2,1
2772,2,3
2773,2,1
2774,2,3
2775,2,1
2776,2,1
2777,2,2
2778,2,2
2779,2,2
2780,2,1
2781,2,3
2782,2,2
2783,2,2
2784,2,2
2785,2,2
2786,2,3
2787,2,1
2788,2,2
2789,2,2
2790,2,2
2791,2,1
2792,2,1
2793,2,2
2794,2,1
2795,2,1
2796,2,3
2797,2,2
2798,2,3
2799,2,3
2800,2,1
2801,2,1
2802,2,1
2803,2,3
2804,2,1
2805,2,0
2806,2,1
2807,2,2
2808,2,3
2809,2,1
2810,2,2
2811,2,3
2812,2,1
2813,2,2
2814,2,1
2815,2,3
2816,2,1
2817,2,3
2818,2,2
2819,2,3
2820,2,2
2821,2,3
2822,2,3
2823,2,1
2824,2,1
2825,2,1
2826,2,2
2827,2,1
2828,2,1
2829,2,1
2830,2,3
2831,2,2
2832,2,1
2833,2,2
2834,2,3
2835,2,2
2836,2,0
2837,2,0
2838,2,3
2839,2,3
2840,2,1
2841,2,2
2842,2,2
2843,2,3
2844,2,2
2845,2,2
2846,2,1
2847,2,0
2848,2,0
2849,2,0
2850,2,1
2851,2,2
2852,2,1
2853,2,3
2854,2,1
2855,2,1
2856,2,2
2857,2,2
2858,2,3
2859,2,1
2860,2,2
2861,2,2
2862,2,3
2863,2,2
2864,2,1
2865,2,3
2866,2,3
2867,2,3
2868,2,0
2869,2,1
2870,2,1
2871,2,2
2872,2,1
2873,2,1
2874,2,0
2875,2,2
2876,2,3
2877,2,1
2878,2,3
2879,2,3
2880,2,0
2881,2,3
2882,2,0
2883,2,1
2884,2,3
2885,2,3
2886,2,3
2887,2,3
2888,2,0
2889,2,0
2890,2,0
2891,2,3
2892,2,1
2893,2,2
2894,2,1
2895,2,0
2896,2,3
2897,2,1
2898,2,0
2899,2,1
2900,2,3
2901,2,3
2902,2,3
2903,2,3
2904,2,3
2905,2,3
2906,2,1
2907,2,1
2908,2,2
2909,2,3
2910,2,1
2911,2,1
2912,2,1
2913,2,1
2914,2,1
2915,2,1
2916,2,2
2917,2,1
2918,2,3
2919,2,1
2920,2,2
2921,2,2
2922,2,1
2923,2,3
2924,2,3
2925,2,1
2926,2,3
2927,2,3
2928,2,1
2929,2,1
2930,2,3
2931,2,3
2932,2,1
2933,2,2
2934,2,3
2935,2,2
2936,2,2
2937,2,0
2938,2,3
2939,2,2
2940,2,1
2941,2,1
2942,2,2
2943,2,2
2944,2,1
2945,2,1
2946,2,3
2947,2,2
2948,2,3
2949,2,2
2950,2,2
2951,2,2
2952,2,1
2953,2,1
2954,2,3
2955,2,1
2956,2,0
2957,2,1
2958,2,3
2959,2,1
2960,2,2
2961,2,1
2962,2,1
2963,2,3
2964,2,3
2965,2,0
2966,2,2
2967,2,0
2968,2,1
2969,2,1
2970,2,3
2971,2,1
2972,2,1
2973,2,0
2974,2,0
2975,2,1
2976,2,1
2977,2,1
2978,2,3
2979,2,1
2980,2,3
2981,2,1
2982,2,1
2983,2,1
2984,2,3
2985,2,0
2986,2,1
2987,2,1
2988,2,2
2989,2,3
2990,2,1
2991,2,3
2992,2,3
2993,2,2
2994,2,3
2995,2,3
2996,2,1
2997,2,2
2998,2,1
2999,2,3
3000,2,1
3001,2,0
3002,2,0
3003,2,2
3004,2,3
3005,2,3
3006,2,3
3007,2,2
3008,2,1
3009,2,3
3010,2,3
3011,2,0
3012,2,1
3013,2,1
3014,2,0
3015,2,1
3016,2,2
3017,2,1
3018,2,1
3019,2,3
3020,2,3
3021,2,3
3022,2,1
3023,2,3
3024,2,3
3025,2,0
3026,2,1
3027,2,1
3028,2,1
3029,2,3
3030,2,2
3031,2,3
3032,2,0
3033,2,2
3034,2,0
3035,2,2
3036,2,1
3037,2,1
3038,2,1
3039,2,3
3040,2,2
3041,2,1
3042,2,1
3043,2,1
3044,2,2
3045,2,2
3046,2,3
3047,2,3
3048,2,2
3049,2,2
3050,2,1
3051,2,1
3052,2,1
3053,2,3
3054,2,2
3055,2,3
3056,2,1
3057,2,2
3058,2,2
3059,2,0
3060,2,2
3061,2,1
3062,2,1
3063,2,3
3064,2,2
3065,2,3
3066,2,3
3067,2,3
3068,2,3
3069,2,1
3070,2,1
3071,2,1
3072,2,2
3073,2,1
3074,2,0
3075,2,0
3076,2,3
3077,2,2
3078,2,2
3079,2,2
3080,2,3
3081,2,2
3082,2,3
3083,2,3
3084,2,1
3085,2,3
3086,2,3
3087,2,1
3088,2,1
3089,2,1
3090,2,2
3091,2,2
3092,2,0
3093,2,0
3094,2,0
3095,2,2
3096,2,1
3097,2,2
3098,2,3
3099,2,3
3100,2,0
3101,2,3
3102,2,3
3103,2,3
3104,2,1
3105,2,1
3106,2,1
3107,2,0
3108,2,1
3109,2,3
3110,2,3
3111,2,2
3112,2,2
3113,2,3
3114,2,2
3115,2,3
3116,2,3
3117,2,2
3118,2,1
3119,2,0
3120,2,2
3121,2,1
3122,2,3
3123,2,2
3124,2,3
3125,2,1
3126,2,0
3127,2,2
3128,2,3
3129,2,3
3130,2,3
3131,2,2
3132,2,1
3133,2,2
3134,2,2
3135,2,2
3136,2,1
3137,2,3
3138,2,1
3139,2,1
3140,2,3
3141,2,3
3142,2,1
3143,2,3
3144,2,3
3145,2,0
3146,2,2
3147,2,3
3148,2,2
3149,2,1
3150,2,2
3151,2,3
3152,2,0
3153,2,3
3154,2,3
3155,2,2
3156,2,1
3157,2,1
3158,2,2
3159,2,3
3160,2,0
3161,2,1
3162,2,0
3163,2,2
3164,2,1
3165,2,2
3166,2,3
3167,2,1
3168,2,1
3169,2,2
3170,2,3
3171,2,2
3172,2,1
3173,2,1
3174,2,2
3175,2,3
3176,2,1
3177,2,2
3178,2,3
3179,2,3
3180,2,1
3181,2,2
3182,2,1
3183,2,3
3184,2,1
3185,2,0
3186,2,1
3187,2,1
3188,2,3
3189,2,1
3190,2,1
3191,2,2
3192,2,3
3193,2,3
3194,2,2
3195,2,3
3196,2,1
3197,2,3
3198,2,1
3199,2,3
3200,2,1
3201,2,3
3202,2,1
3203,2,3
3204,2,0
3205,2,1
3206,2,1
3207,2,1
3208,2,3
3209,2,1
3210,2,2
3211,2,1
3212,2,0
3213,2,3
3214,2,3
3215,2,1
3216,2,0
3217,2,2
3218,2,3
3219,2,1
3220,2,2
3221,2,3
3222,2,0
3223,2,0
3224,2,3
3225,2,2
3226,2,2
3227,2,1
3228,2,1
3229,2,1
3230,2,3
3231,2,3
3232,2,3
3233,2,1
3234,2,2
3235,2,3
3236,2,2
3237,2,2
3238,2,0
3239,2,3
3240,2,2
3241,2,3
3242,2,1
3243,2,3
3244,2,2
3245,2,2
3246,2,2
3247,2,1
3248,2,1
3249,2,1
3250,2,0
3251,2,1
3252,2,1
3253,2,3
3254,2,1
3255,2,3
3256,2,2
3257,2,3
3258,2,2
3259,2,3
3260,2,1
3261,2,1
3262,2,3
3263,2,1
3264,2,1
3265,2,3
3266,2,1
3267,2,1
3268,2,2
3269,2,2
3270,2,3
3271,2,1
3272,2,2
3273,2,3
3274,2,1
3275,2,3
3276,2,2
3277,2,3
3278,2,2
3279,2,1
3280,2,3
3281,2,3
3282,2,0
3283,2,1
3284,2,0
3285,2,1
3286,2,1
3287,2,2
3288,2,2
3289,2,2
3290,2,2
3291,2,2
3292,2,3
3293,2,1
3294,2,0
3295,2,2
3296,2,0
3297,2,0
3298,2,2
3299,2,2
3300,2,2
3301,2,3
3302,2,1
3303,2,3
3304,2,2
3305,2,3
3306,2,1
3307,2,1
3308,2,0
3309,2,0
3310,2,3
3311,2,2
3312,2,3
3313,2,1
3314,2,2
3315,2,3
3316,2,3
3317,2,2
3318,2,3
3319,2,1
3320,2,2
3321,2,1
3322,2,1
3323,2,2
3324,2,2
3325,2,3
3326,2,1
3327,2,3
3328,2,1
3329,2,1
3330,2,1
3331,2,1
3332,2,3
3333,2,0
3334,2,3
3335,2,3
3336,2,2
3337,2,3
3338,2,3
3339,2,2
3340,2,2
3341,2,1
3342,2,2
3343,2,1
3344,2,3
3345,2,1
3346,2,0
3347,2,3
3348,2,3
3349,2,3
3350,2,0
3351,2,1
3352,2,1
3353,2,3
3354,2,2
3355,2,3
3356,2,3
3357,2,2
3358,2,0
3359,2,3
3360,2,2
3361,2,1
3362,2,3
3363,2,1
3364,2,1
3365,2,2
3366,2,1
3367,2,2
3368,2,3
3369,2,1
3370,2,1
3371,2,0
3372,2,1
3373,2,2
3374,2,3
3375,2,1
3376,2,2
3377,2,2
3378,2,1
3379,2,2
3380,2,2
3381,2,3
3382,2,3
3383,2,1
3384,2,2
3385,2,1
3386,2,3
3387,2,3
3388,2,3
3389,2,1
3390,2,1
3391,2,3
3392,2,3
3393,2,0
3394,2,1
3395,2,1
3396,2,3
3397,2,1
3398,2,1
3399,2,1
3400,2,3
3401,2,1
3402,2,3
3403,2,2
3404,2,1
3405,2,2
3406,2,1
3407,2,1
3408,2,3
3409,2,1
3410,2,1
3411,2,1
3412,2,2
3413,2,3
3414,2,1
3415,2,3
3416,2,3
3417,2,2
3418,2,2
3419,2,3
3420,2,1
3421,2,3
3422,2,1
3423,2,1
3424,2,1
3425,2,3
3426,2,2
3427,2,1
3428,2,2
3429,2,0
3430,2,2
3431,2,1
3432,2,3
3433,2,3
3434,2,0
3435,2,1
3436,2,1
3437,2,0
3438,2,3
3439,2,1
3440,2,3
3441,2,3
3442,2,0
3443,2,3
3444,2,3
3445,2,2
3446,2,0
3447,2,3
3448,2,3
3449,2,2
3450,2,3
3451,2,0
3452,2,1
3453,2,1
3454,2,2
3455,2,1
3456,2,3
3457,2,1
3458,2,2
3459,2,3
3460,2,2
3461,2,1
3462,2,3
3463,2,3
3464,2,0
3465,2,1
3466,2,3
3467,2,2
3468,2,0
3469,2,2
3470,2,0
3471,2,3
3472,2,1
3473,2,1
3474,2,3
3475,2,0
3476,2,0
3477,2,3
3478,2,2
3479,2,2
3480,2,3
3481,2,3
3482,2,2
3483,2,3
3484,2,1
3485,2,1
3486,2,0
3487,2,1
3488,2,1
3489,2,3
3490,2,3
3491,2,3
3492,2,1
3493,2,2
3494,2,3
3495,2,1
3496,2,1
3497,2,3
3498,2,0
3499,2,1
3500,2,1
3501,2,0
3502,2,1
3503,2,2
3504,2,3
3505,2,2
3506,2,3
3507,2,3
3508,2,0
3509,2,1
3510,2,1
3511,2,0
3512,2,0
3513,2,3
3514,2,1
3515,2,3
3516,2,1
3517,2,2
3518,2,2
3519,2,2
3520,2,1
3521,2,2
3522,2,1
3523,2,3
3524,2,1
3525,2,2
3526,2,1
3527,2,0
3528,2,2
3529,2,2
3530,2,1
3531,2,3
3532,2,1
3533,2,1
3534,2,3
3535,2,1
3536,2,0
3537,2,2
3538,2,3
3539,2,3
3540,2,2
3541,2,1
3542,2,3
3543,2,3
3544,2,1
3545,2,1
3546,2,1
3547,2,1
3548,2,2
3549,2,3
3550,2,1
3551,2,1
3552,2,3
3553,2,1
3554,2,2
3555,2,0
3556,2,1
3557,2,3
3558,2,1
3559,2,1
3560,2,0
3561,2,3
3562,2,1
3563,2,2
3564,2,1
3565,2,3
3566,2,0
3567,2,0
3568,2,3
3569,2,1
3570,2,3
3571,2,0
3572,2,1
3573,2,2
3574,2,1
3575,2,3
3576,2,3
3577,2,2
3578,2,3
3579,2,1
3580,2,3
3581,2,2
3582,2,1
3583,2,1
3584,2,0
3585,2,2
3586,2,1
3587,2,3
3588,2,2
3589,2,1
3590,2,0
3591,2,3
3592,2,1
3593,2,3
3594,2,1
3595,2,2
3596,2,3
3597,2,3
3598,2,1
3599,2,1
3600,2,3
3601,2,2
3602,2,2
3603,2,1
3604,2,1
3605,2,1
3606,2,0
3607,2,1
3608,2,3
3609,2,2
3610,2,1
3611,2,3
3612,2,1
3613,2,0
3614,2,1
3615,2,3
3616,2,1
3617,2,1
3618,2,2
3619,2,3
3620,2,2
3621,2,3
3622,2,1
3623,2,0
3624,2,2
3625,2,1
3626,2,3
3627,2,2
3628,2,0
3629,2,1
3630,2,1
3631,2,1
3632,2,1
3633,2,2
3634,2,0
3635,2,3
3636,2,0
3637,2,1
3638,2,1
3639,2,2
3640,2,3
3641,2,1
3642,2,0
3643,2,2
3644,2,2
3645,2,3
3646,2,1
3647,2,2
3648,2,2
3649,2,3
3650,2,2
3651,2,1
3652,2,2
3653,2,2
3654,2,1
3655,2,3
3656,2,3
3657,2,3
3658,2,2
3659,2,3
3660,2,3
3661,2,1
3662,2,3
3663,2,1
3664,2,0
3665,2,3
3666,2,3
3667,2,1
3668,2,1
3669,2,3
3670,2,2
3671,2,2
3672,2,2
3673,2,0
3674,2,3
3675,2,3
3676,2,2
3677,2,0
3678,2,2
3679,2,3
3680,2,3
3681,2,2
3682,2,3
3683,2,3
3684,2,0
3685,2,2
3686,2,3
3687,2,1
3688,2,2
3689,2,1
3690,2,3
3691,2,2
3692,2,3
3693,2,1
3694,2,0
3695,2,2
3696,2,3
3697,2,1
3698,2,0
3699,2,3
3700,2,3
3701,2,1
3702,2,1
3703,2,0
3704,2,2
3705,2,3
3706,2,3
3707,2,3
3708,2,1
3709,2,1
3710,2,1
3711,2,3
3712,2,1
3713,2,0
3714,2,2
3715,2,1
3716,2,1
3717,2,3
3718,2,1
3719,2,3
3720,2,3
3721,2,1
3722,2,3
3723,2,1
3724,2,2
3725,2,1
3726,2,3
3727,2,2
3728,2,3
3729,2,1
3730,2,3
3731,2,1
3732,2,1
3733,2,3
3734,2,1
3735,2,1
3736,2,1
3737,2,1
3738,2,1
3739,2,0
3740,2,3
3741,2,1
3742,2,2
3743,2,2
3744,2,3
3745,2,1
3746,2,2
3747,2,1
3748,2,3
3749,2,1
3750,2,2
3751,2,1
3752,2,3
3753,2,1
3754,2,1
3755,2,0
3756,2,0
3757,2,1
3758,2,2
3759,2,2
3760,2,0
3761,2,1
3762,2,1
3763,2,2
3764,2,1
3765,2,1
3766,2,3
3767,2,1
3768,2,1
3769,2,3
3770,2,1
3771,2,3
3772,2,1
3773,2,3
3774,2,1
3775,2,2
3776,2,0
3777,2,1
3778,2,2
3779,2,0
3780,2,0
3781,2,1
3782,2,3
3783,2,3
3784,2,0
3785,2,1
3786,2,2
3787,2,1
3788,2,1
3789,2,3
3790,2,2
3791,2,3
3792,2,1
3793,2,3
3794,2,1
3795,2,2
3796,2,3
3797,2,1
3798,2,3
3799,2,1
3800,2,2
3801,2,1
3802,2,3
3803,2,2
3804,2,1
3805,2,1
3806,2,1
3807,2,1
3808,2,1
3809,2,2
3810,2,1
3811,2,1
3812,2,2
3813,2,1
3814,2,2
3815,2,2
3816,2,1
3817,2,2
3818,2,3
3819,2,1
3820,2,1
3821,2,1
3822,2,3
3823,2,1
3824,2,1
3825,2,3
3826,2,1
3827,2,1
3828,2,2
3829,2,1
3830,2,0
3831,2,1
3832,2,1
3833,2,1
3834,2,3
3835,2,3
3836,2,2
3837,2,1
3838,2,1
3839,2,3
3840,2,3
3841,2,3
3842,2,2
3843,2,3
3844,2,2
3845,2,1
3846,2,3
3847,2,3
3848,2,2
3849,2,1
3850,2,1
3851,2,1
3852,2,2
3853,2,2
3854,2,2
3855,2,3
3856,2,1
3857,2,3
3858,2,0
3859,2,0
3860,2,3
3861,2,2
3862,2,1
3863,2,2
3864,2,1
3865,2,1
3866,2,1
3867,2,2
3868,2,1
3869,2,3
3870,2,1
3871,2,3
3872,2,3
3873,2,2
3874,2,3
3875,2,0
3876,2,1
3877,2,3
3878,2,3
3879,2,3
3880,2,3
3881,2,2
3882,2,1
3883,2,2
3884,2,1
3885,2,1
3886,2,1
3887,2,1
3888,2,2
3889,2,0
3890,2,3
3891,2,1
3892,2,3
3893,2,3
3894,2,2
3895,2,1
3896,2,0
3897,2,2
3898,2,3
3899,2,0
3900,2,2
3901,2,2
3902,2,1
3903,2,1
3904,2,2
3905,2,3
3906,2,2
3907,2,1
3908,2,2
3909,2,3
3910,2,2
3911,2,1
3912,2,3
3913,2,3
3914,2,1
3915,2,1
3916,2,3
3917,2,1
3918,2,1
3919,2,1
3920,2,2
3921,2,1
3922,2,1
3923,2,3
3924,2,1
3925,2,3
3926,2,2
3927,2,1
3928,2,3
3929,2,3
3930,2,1
3931,2,3
3932,2,3
3933,2,1
3934,2,1
3935,2,0
3936,2,1
3937,2,3
3938,2,3
3939,2,3
3940,2,2
3941,2,3
3942,2,1
3943,2,1
3944,2,1
3945,2,1
3946,2,1
3947,2,3
3948,2,3
3949,2,1
3950,2,3
3951,2,2
3952,2,1
3953,2,2
3954,2,1
3955,2,3
3956,2,1
3957,2,1
3958,2,2
3959,2,1
3960,2,2
3961,2,2
3962,2,2
3963,2,1
3964,2,1
3965,3,0
3966,3,2
3967,3,3
3968,3,1
3969,3,2
3970,3,2
3971,3,2
3972,3,2
3973,3,2
3974,3,2
3975,3,3
3976,3,3
3977,3,1
3978,3,0
3979,3,3
3980,3,3
3981,3,3
3982,3,3
3983,3,1
3984,3,1
3985,3,1
3986,3,1
3987,3,3
3988,3,2
3989,3,1
3990,3,2
3991,3,3
3992,3,2
3993,3,3
3994,3,0
3995,3,3
3996,3,1
3997,3,1
3998,3,3
3999,3,0
4000,3,1
4001,3,3
4002,3,0
4003,3,3
4004,3,3
4005,3,1
4006,3,1
4007,3,3
4008,3,1
4009,3,1
4010,3,2
4011,3,1
4012,3,1
4013,3,2
4014,3,1
4015,3,1
4016,3,3
4017,3,0
4018,3,3
4019,3,1
4020,3,2
4021,3,3
4022,3,2
4023,3,3
4024,3,1
4025,3,1
4026,3,1
4027,3,2
4028,3,2
4029,3,3
4030,3,1
4031,3,1
4032,3,1
4033,3,1
4034,3,2
4035,3,1
4036,3,1
4037,3,3
4038,3,2
4039,3,2
4040,3,1
4041,3,1
4042,3,1
4043,3,1
4044,3,3
4045,3,3
4046,3,1
4047,3,3
4048,3,1
4049,3,1
4050,3,3
4051,3,1
4052,3,1
4053,3,1
4054,3,1
4055,3,3
4056,3,0
4057,3,1
4058,3,3
4059,3,3
4060,3,2
4061,3,2
4062,3,1
4063,3,1
4064,3,0
4065,3,2
4066,3,3
4067,3,2
4068,3,2
4069,3,2
4070,3,3
4071,3,3
4072,3,1
4073,3,1
4074,3,3
4075,3,1
4076,3,3
4077,3,1
4078,3,3
4079,3,1
4080,3,2
4081,3,1
4082,3,1
4083,3,0
4084,3,2
4085,3,3
4086,3,2
4087,3,3
4088,3,1
4089,3,3
4090,3,1
4091,3,3
4092,3,3
4093,3,0
4094,3,2
4095,3,1
4096,3,2
4097,3,1
4098,3,1
4099,3,3
4100,3,1
4101,3,1
4102,3,1
4103,3,1
4104,3,1
4105,3,3
4106,3,1
4107,3,2
4108,3,0
4109,3,1
4110,3,2
4111,3,3
4112,3,3
4113,3,0
4114,3,3
4115,3,1
4116,3,1
4117,3,3
4118,3,2
4119,3,3
4120,3,2
4121,3,1
4122,3,1
4123,3,3
4124,3,3
4125,3,3
4126,3,2
4127,3,1
4128,3,3
4129,3,3
4130,3,3
4131,3,2
4132,3,2
4133,3,3
4134,3,2
4135,3,3
4136,3,2
4137,3,2
4138,3,2
4139,3,3
4140,3,2
4141,3,3
4142,3,1
4143,3,2
4144,3,2
4145,3,1
4146,3,3
4147,3,3
4148,3,3
4149,3,2
4150,3,2
4151,3,3
4152,3,2
4153,3,2
4154,3,2
4155,3,3
4156,3,1
4157,3,1
4158,3,1
4159,3,3
4160,3,3
4161,3,2
4162,3,2
4163,3,1
4164,3,1
4165,3,3
4166,3,3
4167,3,1
4168,3,3
4169,3,2
4170,3,2
4171,3,1
4172,3,3
4173,3,0
4174,3,1
4175,3,3
4176,3,3
4177,3,1
4178,3,0
4179,3,2
4180,3,3
4181,3,2
4182,3,3
4183,3,3
4184,3,1
4185,3,3
4186,3,1
4187,3,3
4188,3,0
4189,3,3
4190,3,1
4191,3,1
4192,3,3
4193,3,2
4194,3,2
4195,3,3
4196,3,3
4197,3,2
4198,3,3
4199,3,0
4200,3,1
4201,3,0
4202,3,0
4203,3,3
4204,3,1
4205,3,2
4206,3,3
4207,3,3
4208,3,2
4209,3,3
4210,3,3
4211,3,3
4212,3,2
4213,3,3
4214,3,3
4215,3,3
4216,3,3
4217,3,1
4218,3,1
4219,3,2
4220,3,2
4221,3,2
4222,3,2
4223,3,3
4224,3,3
4225,3,3
4226,3,3
4227,3,0
4228,3,3
4229,3,1
4230,3,0
4231,3,1
4232,3,0
4233,3,2
4234,3,0
4235,3,0
4236,3,1
4237,3,1
4238,3,2
4239,3,1
4240,3,2
4241,3,1
4242,3,1
4243,3,3
4244,3,3
4245,3,3
4246,3,2
4247,3,1
4248,3,3
4249,3,1
4250,3,2
4251,3,2
4252,3,0
4253,3,1
4254,3,0
4255,3,1
4256,3,2
4257,3,1
4258,3,0
4259,3,1
4260,3,3
4261,3,2
4262,3,1
4263,3,2
4264,3,2
4265,3,1
4266,3,2
4267,3,3
4268,3,0
4269,3,3
4270,3,3
4271,3,0
4272,3,0
4273,3,2
4274,3,2
4275,3,0
4276,3,3
4277,3,1
4278,3,3
4279,3,3
4280,3,2
4281,3,3
4282,3,0
4283,3,3
4284,3,0
4285,3,0
4286,3,2
4287,3,1
4288,3,1
4289,3,1
4290,3,1
4291,3,2
4292,3,3
4293,3,1
4294,3,2
4295,3,3
4296,3,1
4297,3,1
4298,3,1
4299,3,2
4300,3,3
4301,3,2
4302,3,1
4303,3,0
4304,3,2
4305,3,1
4306,3,1
4307,3,1
4308,3,2
4309,3,1
4310,3,2
4311,3,3
4312,3,1
4313,3,3
4314,3,3
4315,3,2
4316,3,1
4317,3,0
4318,3,1
4319,3,2
4320,3,1
4321,3,3
4322,3,1
4323,3,3
4324,3,3
4325,3,2
4326,3,3
4327,3,1
4328,3,0
4329,3,3
4330,3,2
4331,3,1
4332,3,3
4333,3,1
4334,3,1
4335,3,3
4336,3,3
4337,3,2
4338,3,1
4339,3,1
4340,3,3
4341,3,3
4342,3,1
4343,3,1
4344,3,0
4345,3,1
4346,3,1
4347,3,0
4348,3,0
4349,3,1
4350,3,1
4351,3,3
4352,3,3
4353,3,1
4354,3,3
4355,3,3
4356,3,1
4357,3,1
4358,3,1
4359,3,1
4360,3,3
4361,3,3
4362,3,1
4363,3,1
4364,3,0
4365,3,0
4366,3,1
4367,3,2
4368,3,1
4369,3,1
4370,3,3
4371,3,3
4372,3,2
4373,3,1
4374,3,3
4375,3,1
4376,3,2
4377,3,1
4378,3,1
4379,3,1
4380,3,1
4381,3,2
4382,3,3
4383,3,3
4384,3,3
4385,3,1
4386,3,2
4387,3,1
4388,3,2
4389,3,1
4390,3,1
4391,3,3
4392,3,1
4393,3,1
4394,3,0
4395,3,2
4396,3,0
4397,3,2
4398,3,3
4399,3,2
4400,3,3
4401,3,0
4402,3,1
4403,3,0
4404,3,3
4405,3,3
4406,3,2
4407,3,1
4408,3,2
4409,3,3
4410,3,1
4411,3,2
4412,3,0
4413,3,3
4414,3,1
4415,3,1
4416,3,1
4417,3,1
4418,3,3
4419,3,1
4420,3,1
4421,3,1
4422,3,3
4423,3,3
4424,3,1
4425,3,1
4426,3,1
4427,3,1
4428,3,0
4429,3,3
4430,3,2
4431,3,0
4432,3,1
4433,3,2
4434,3,3
4435,3,0
4436,3,2
4437,3,3
4438,3,3
4439,3,1
4440,3,1
4441,3,3
4442,3,2
4443,3,1
4444,3,2
4445,3,3
4446,3,2
4447,3,3
4448,3,3
4449,3,0
4450,3,1
4451,3,3
4452,3,3
4453,3,0
4454,3,0
4455,3,2
4456,3,1
4457,3,1
4458,3,1
4459,3,2
4460,3,2
4461,3,2
4462,3,1
4463,3,2
4464,3,3
4465,3,0
4466,3,1
4467,3,3
4468,3,2
4469,3,0
4470,3,2
4471,3,3
4472,3,3
4473,3,2
4474,3,3
4475,3,2
4476,3,2
4477,3,0
4478,3,1
4479,3,0
4480,3,1
4481,3,2
4482,3,3
4483,3,0
4484,3,1
4485,3,2
4486,3,2
4487,3,2
4488,3,3
4489,3,1
4490,3,3
4491,3,2
4492,3,3
4493,3,0
4494,3,1
4495,3,3
4496,3,3
4497,3,3
4498,3,3
4499,3,3
4500,3,2
4501,3,2
4502,3,3
4503,3,2
4504,3,2
4505,3,2
4506,3,3
4507,3,3
4508,3,1
4509,3,2
4510,3,2
4511,3,1
4512,3,3
4513,3,3
4514,3,2
4515,3,3
4516,3,1
4517,3,1
4518,3,1
4519,3,3
4520,3,2
4521,3,1
4522,3,3
4523,3,1
4524,3,2
4525,3,2
4526,3,0
4527,3,1
4528,3,3
4529,3,2
4530,3,3
4531,3,3
4532,3,1
4533,3,3
4534,3,1
4535,3,1
4536,3,1
4537,3,3
4538,3,0
4539,3,2
4540,3,3
4541,3,3
4542,3,1
4543,3,0
4544,3,1
4545,3,2
4546,3,1
4547,3,2
4548,3,2
4549,3,1
4550,3,2
4551,3,3
4552,3,1
4553,3,2
4554,3,1
4555,3,3
4556,3,3
4557,3,2
4558,3,2
4559,3,1
4560,3,2
4561,3,0
4562,3,3
4563,3,0
4564,3,0
4565,3,2
4566,3,3
4567,3,1
4568,3,1
4569,3,1
4570,3,1
4571,3,1
4572,3,2
4573,3,3
4574,3,3
4575,3,2
4576,3,1
4577,3,1
4578,3,2
4579,3,3
4580,3,1
4581,3,1
4582,3,2
4583,3,0
4584,3,3
4585,3,1
4586,3,0
4587,3,2
4588,3,3
4589,3,1
4590,3,1
4591,3,3
4592,3,3
4593,3,2
4594,3,2
4595,3,3
4596,3,3
4597,3,2
4598,3,0
4599,3,3
4600,3,2
4601,3,3
4602,3,1
4603,3,1
4604,3,3
4605,3,1
4606,3,3
4607,3,3
4608,3,3
4609,3,2
4610,3,1
4611,3,0
4612,3,1
4613,3,3
4614,3,1
4615,3,2
4616,3,2
4617,3,3
4618,3,3
4619,3,3
4620,3,3
4621,3,2
4622,3,1
4623,3,3
4624,3,1
4625,3,2
4626,3,3
4627,3,2
4628,3,3
4629,3,3
4630,3,1
4631,3,0
4632,3,2
4633,3,3
4634,3,1
4635,3,0
4636,3,1
4637,3,1
4638,3,1
4639,3,1
4640,3,1
4641,3,1
4642,3,1
4643,3,1
4644,3,2
4645,3,2
4646,3,1
4647,3,0
4648,3,2
4649,3,1
4650,3,1
4651,3,2
4652,3,1
4653,3,3
4654,3,1
4655,3,3
4656,3,1
4657,3,2
4658,3,0
4659,3,2
4660,3,2
4661,3,1
4662,3,1
4663,3,1
4664,3,0
4665,3,2
4666,3,1
4667,3,3
4668,3,1
4669,3,1
4670,3,1
4671,3,3
4672,3,2
4673,3,0
4674,3,2
4675,3,1
4676,3,2
4677,3,1
4678,3,2
4679,3,1
4680,3,3
4681,3,3
4682,3,1
4683,3,3
4684,3,1
4685,3,1
4686,3,1
4687,3,1
4688,3,2
4689,3,1
4690,3,1
4691,3,3
4692,3,2
4693,3,2
4694,3,1
4695,3,3
4696,3,3
4697,3,2
4698,3,1
4699,3,3
4700,3,2
4701,3,1
4702,3,0
4703,3,1
4704,3,3
4705,3,2
4706,3,0
4707,3,1
4708,3,3
4709,3,3
4710,3,1
4711,3,1
4712,3,1
4713,3,1
4714,3,3
4715,3,1
4716,3,3
4717,3,2
4718,3,1
4719,3,2
4720,3,3
4721,3,1
4722,3,1
4723,3,1
4724,3,3
4725,3,1
4726,3,3
4727,3,3
4728,3,2
4729,3,1
4730,3,2
4731,3,2
4732,3,3
4733,3,1
4734,3,1
4735,3,1
4736,3,3
4737,3,1
4738,3,2
4739,3,1
4740,3,2
4741,3,1
4742,3,3
4743,3,1
4744,3,3
4745,3,3
4746,3,1
4747,3,3
4748,3,1
4749,3,2
4750,3,1
4751,3,1
4752,3,0
4753,3,3
4754,3,3
4755,3,3
4756,3,1
4757,3,1
4758,3,1
4759,3,2
4760,3,2
4761,3,1
4762,3,1
4763,3,2
4764,3,3
4765,3,0
4766,3,2
4767,3,2
4768,3,2
4769,3,3
4770,3,1
4771,3,2
4772,3,3
4773,3,1
4774,3,3
4775,3,0
4776,3,1
4777,3,1
4778,3,3
4779,3,3
4780,3,3
4781,3,1
4782,3,2
4783,3,3
4784,3,2
4785,3,1
4786,3,2
4787,3,1
4788,3,1
4789,3,3
4790,3,0
4791,3,1
4792,3,1
4793,3,1
4794,3,1
4795,3,1
4796,3,1
4797,3,2
4798,3,3
4799,3,2
4800,3,3
4801,3,1
4802,3,0
4803,3,0
4804,3,0
4805,3,3
4806,3,0
4807,3,3
4808,3,3
4809,3,2
4810,3,2
4811,3,3
4812,3,1
4813,3,3
4814,3,1
4815,3,1
4816,3,3
4817,3,1
4818,3,0
4819,3,1
4820,3,3
4821,3,1
4822,3,3
4823,3,3
4824,3,3
4825,3,1
4826,3,3
4827,3,3
4828,3,2
4829,3,0
4830,3,3
4831,3,3
4832,3,1
4833,3,3
4834,3,2
4835,3,1
4836,3,1
4837,3,1
4838,3,3
4839,3,1
4840,3,1
4841,3,3
4842,3,3
4843,3,0
4844,3,0
4845,3,1
4846,3,3
4847,3,0
4848,3,0
4849,3,0
4850,3,1
4851,3,3
4852,3,1
4853,3,3
4854,3,3
4855,3,2
4856,3,1
4857,3,3
4858,3,1
4859,3,2
4860,3,1
4861,3,3
4862,3,2
4863,3,3
4864,3,1
4865,3,1
4866,3,1
4867,3,3
4868,3,1
4869,3,1
4870,3,1
4871,3,1
4872,3,1
4873,3,2
4874,3,2
4875,3,1
4876,3,2
4877,3,1
4878,3,1
4879,3,2
4880,3,3
4881,3,1
4882,3,1
4883,3,0
4884,3,0
4885,3,1
4886,3,1
4887,3,3
4888,3,1
4889,3,1
4890,3,2
4891,3,2
4892,3,1
4893,3,2
4894,3,1
4895,3,3
4896,3,3
4897,3,1
4898,3,2
4899,3,1
4900,3,1
4901,3,1
4902,3,3
4903,3,3
4904,3,0
4905,3,0
4906,3,0
4907,3,2
4908,3,2
4909,3,0
4910,3,2
4911,3,3
4912,3,2
4913,3,1
4914,3,2
4915,3,2
4916,3,1
4917,3,0
4918,3,1
4919,3,1
4920,3,3
4921,3,1
4922,3,2
4923,3,1
4924,3,1
4925,3,0
4926,3,2
4927,3,2
4928,3,3
4929,3,1
4930,3,3
4931,3,0
4932,3,2
4933,3,1
4934,3,3
4935,3,3
4936,3,1
4937,3,1
4938,3,0
4939,3,1
4940,3,3
4941,3,1
4942,3,1
4943,3,3
4944,3,2
4945,3,1
4946,3,2
4947,3,1
4948,3,3
4949,3,1
4950,3,3
4951,3,3
4952,3,2
4953,3,2
4954,3,3
4955,3,3
4956,3,0
4957,3,1
4958,3,0
4959,3,1
4960,3,2
4961,3,3
4962,3,2
4963,3,1
4964,3,0
4965,3,1
4966,3,3
4967,3,3
4968,3,1
4969,3,1
4970,3,1
4971,3,1
4972,3,2
4973,3,2
4974,3,1
4975,3,1
4976,3,3
4977,3,1
4978,3,2
4979,3,3
4980,3,1
4981,3,1
4982,3,3
4983,3,3
4984,3,3
4985,3,2
4986,3,1
4987,3,3
4988,3,0
4989,3,1
4990,3,3
4991,3,1
4992,3,3
4993,3,0
4994,3,3
4995,3,3
4996,3,1
4997,3,1
4998,3,1
4999,3,1
5000,3,2
5001,3,2
5002,3,3
5003,3,1
5004,3,2
5005,3,2
5006,3,1
5007,3,1
5008,3,1
5009,3,2
5010,3,0
5011,3,1
5012,3,2
5013,3,1
5014,3,3
5015,3,1
5016,3,2
5017,3,2
5018,3,2
5019,3,1
5020,3,1
5021,3,1
5022,3,0
5023,3,3
5024,3,0
5025,3,1
5026,3,1
5027,3,2
5028,3,3
5029,3,2
5030,3,1
5031,3,3
5032,3,3
5033,3,3
5034,3,3
5035,3,0
5036,3,0
5037,3,2
5038,3,3
5039,3,2
5040,3,1
5041,3,3
5042,3,2
5043,3,3
5044,3,1
5045,3,2
5046,3,3
5047,3,0
5048,3,1
5049,3,1
5050,3,3
5051,3,1
5052,3,1
5053,3,0
5054,3,1
5055,3,1
5056,3,2
5057,3,0
5058,3,1
5059,3,2
5060,3,3
5061,3,1
5062,3,0
5063,3,2
5064,3,2
5065,3,2
5066,3,1
5067,3,2
5068,3,1
5069,3,3
5070,3,2
5071,3,1
5072,3,0
5073,3,3
5074,3,2
5075,3,1
5076,3,2
5077,3,0
5078,3,3
5079,3,1
5080,3,1
5081,3,1
5082,3,3
5083,3,1
5084,3,3
5085,3,1
5086,3,1
5087,3,1
5088,3,3
5089,3,0
5090,3,3
5091,3,1
5092,3,0
5093,3,3
5094,3,1
5095,3,2
5096,3,2
5097,3,1
5098,3,0
5099,3,1
5100,3,1
5101,3,1
5102,3,1
5103,3,3
5104,3,3
5105,3,0
5106,3,3
5107,3,1
5108,3,3
5109,3,1
5110,3,3
5111,3,2
5112,3,1
5113,3,1
5114,3,1
5115,3,1
5116,3,2
5117,3,1
5118,3,1
5119,3,2
5120,3,1
5121,3,3
5122,3,2
5123,3,3
5124,3,1
5125,3,2
5126,3,3
5127,3,0
5128,3,2
5129,3,1
5130,3,2
5131,3,3
5132,3,0
5133,3,1
5134,3,1
5135,3,1
5136,3,1
5137,3,0
5138,3,1
5139,3,3
5140,3,1
5141,3,1
5142,3,2
5143,3,3
5144,3,3
5145,3,1
5146,3,2
5147,3,3
5148,3,3
5149,3,2
5150,3,1
5151,3,1
5152,3,1
5153,3,0
5154,3,2
5155,3,2
5156,3,3
5157,3,1
5158,3,2
5159,3,1
5160,3,1
5161,3,3
5162,3,3
5163,3,3
5164,3,2
5165,3,1
5166,3,3
5167,3,1
5168,3,1
5169,3,1
5170,3,1
5171,3,2
5172,3,1
5173,3,0
5174,3,1
5175,3,1
5176,3,2
5177,3,1
5178,3,1
5179,3,1
5180,3,1
5181,3,1
5182,3,3
5183,3,2
5184,3,2
5185,3,0
5186,3,0
5187,3,1
5188,3,0
5189,3,3
5190,3,2
5191,3,0
5192,3,1
5193,3,3
5194,3,0
5195,3,3
5196,3,1
5197,3,2
5198,3,3
5199,3,3
5200,3,1
5201,3,3
5202,3,2
5203,3,3
5204,3,3
5205,3,2
5206,3,3
5207,3,1
5208,3,1
5209,3,3
5210,3,1
5211,3,3
